topic,sentiment_mean,sentiment_std,subjectivity_mean,subjectivity_std,counting
Adaptation,-0.0996067993779092,0.781202323776241,0.14847122984466343,0.912046912349633,16.0
Causes,0.09037802778107577,0.6168400241771778,0.08208595906463612,0.7947613323473565,46.0
Hazard,0.053946944923313506,0.9935991159109042,0.06535593355308783,1.0083776598232226,274.0
Impacts,-0.029724667449967174,0.645164976582277,0.0689174959541108,0.7356909924116204,130.0
Mitigation,-0.039889560423286535,0.7928953178832412,0.09417649268155244,0.674252068360038,108.0
