topic,sentiment_mean,sentiment_std,subjectivity_mean,subjectivity_std,counting
Adaptation,0.06953718464067521,1.2035049182634963,0.016345556767404023,0.9067128692580653,61.0
Causes,-0.025582346344792912,0.8723898131056873,0.17329811519312918,1.0452486786358732,108.0
Hazard,0.027055272771380562,1.0006264661393143,0.05096367787011884,0.988341037554203,871.0
Impacts,-0.06834976736293649,0.5386150765836177,-0.02799334439047036,0.7964125815452897,250.0
Mitigation,0.024962067694135604,0.8333401159564978,0.022511550731031185,0.7199221445129625,178.0
