topic,sentiment_mean,sentiment_std,subjectivity_mean,subjectivity_std,counting
Adaptation,0.03719298258923179,1.1548487561578225,-0.023173090368432618,0.943879606513275,68.0
Causes,0.0005930524357376497,0.8882038279891753,0.1588307483867569,0.9908399206709717,140.0
Hazard,0.020704492653223994,1.0299258544828571,0.04305303132013154,1.0014588139808374,1256.0
Impacts,-0.05954372217417956,0.5407223603128217,-0.01935999053199146,0.8157704935850466,350.0
Mitigation,0.028498281026358367,0.7948463122064836,0.0028429653749263957,0.7322944926541585,216.0
