topic,sentiment_mean,sentiment_std,subjectivity_mean,subjectivity_std,counting
Adaptation,0.0702441382347157,1.130593343997295,0.011574564224314634,0.8843505125500978,58.0
Causes,-0.020769793299408184,0.7282929443288868,0.10461173085910248,0.9065321482552267,76.0
Hazard,0.038862572047808394,0.9568924011793366,0.06424473797286917,0.953126027375941,593.0
Impacts,,1.0,,1.0,229.0
Mitigation,0.027435602415173035,0.8790014445895359,0.07938160962503527,0.7553889070448959,151.0
