topic,sentiment_mean,sentiment_std,subjectivity_mean,subjectivity_std,counting
Adaptation,-0.04755051143653601,0.8116091892800478,0.01260897186209732,0.8514146925963824,48.0
Causes,0.059958194446280734,0.9123958305575476,0.12272329543852124,0.9133955396996707,63.0
Hazard,0.03585404118801003,0.935654310137951,0.05174836038738172,0.9315895612239963,460.0
Impacts,,1.0,,1.0,190.0
Mitigation,0.023207449380047294,0.8351198401108113,0.05387597248090355,0.7311812209495475,137.0
