topic,sentiment_mean,sentiment_std,subjectivity_mean,subjectivity_std,counting
Adaptation,-0.1008785020680551,0.7797307568988192,0.14755680612960537,0.9134488019555261,16.0
Causes,0.08102797626303726,0.6088484609397325,0.0807357479353848,0.7811412809113045,46.0
Hazard,0.06957224063941604,0.9964492639187146,0.08248834589225679,1.0191252244002593,213.0
Impacts,-0.019782644804522014,0.6416276076157126,0.06953612708307316,0.7233748044629701,130.0
Mitigation,-0.0545811570073026,0.7897847496597605,0.0940509977676302,0.6663135900750514,102.0
