topic,sentiment_mean,sentiment_std,subjectivity_mean,subjectivity_std,counting
Adaptation,-0.1008785020680551,0.7797307568988192,0.14755680612960537,0.9134488019555261,16.0
Causes,0.08362060484045744,0.6119882478686216,0.07765104909748616,0.7836551905978563,46.0
Hazard,0.053461106285230625,0.9303101611629669,0.06168862263609986,0.947259429012604,199.0
Impacts,-0.013063951956874936,0.6604269992154526,0.09241337047436352,0.7330498768867533,118.0
Mitigation,-0.03291233365960578,0.8522754222736605,0.14612790385173802,0.7483238734718171,81.0
