topic,sentiment_mean,sentiment_std,subjectivity_mean,subjectivity_std,counting
Adaptation,-0.029153187967055127,0.7811878895948658,0.21061776263235987,0.8707937105575302,16.0
Causes,-0.0005565840822210258,0.6435907276434156,0.11938621311127239,0.8298474614274928,39.0
Hazard,0.0651760757721902,0.7702710144387914,0.04110452098988224,0.7914120019063713,142.0
Impacts,0.010504262332628031,0.7310478676922816,0.1632268575915929,0.7425069730037775,81.0
Mitigation,-0.02324608321936961,0.9255826571399526,0.21547017901700266,0.8491498276496955,50.0
