topic,sentiment_mean,sentiment_std,subjectivity_mean,subjectivity_std,counting
Adaptation,-0.047145129754434474,0.8078700623538443,-0.0011695109622261652,0.8442913542194767,51.0
Causes,0.021862383619546347,0.8216847197049455,0.11923959175931359,0.8981451676504136,64.0
Hazard,0.04377543477262483,0.9706166727990251,0.05105936048431468,0.9400798502071553,525.0
Impacts,,1.0,,1.0,192.0
Mitigation,0.005433649810545607,0.8267982014777693,0.0566640056929655,0.7271581413358168,140.0
