topic,sentiment_mean,sentiment_std,subjectivity_mean,subjectivity_std,counting
Adaptation,-0.7049302795993949,0.9688778431105958,0.0727505022351953,0.7043521567519078,4.0
Causes,0.07648223079755721,0.5557600955121516,0.08606202353630883,0.666205145836768,24.0
Hazard,0.10948424431918212,0.7713491171860308,0.03826817468100077,0.8590968944374666,50.0
Impacts,0.028447555478007435,0.7004961408104511,0.13947307348566979,0.7625940337194103,59.0
Mitigation,-0.07574262116209,0.881465395066854,0.4243888216461633,0.6386946251146574,23.0
