topic,sentiment_mean,sentiment_std,subjectivity_mean,subjectivity_std,counting
Adaptation,-0.30360115607075583,0.970615165593315,0.320897179998281,0.802613616171192,7.0
Causes,0.07375207348541907,0.5551034254899219,0.07937123928302987,0.6736237661179703,24.0
Hazard,0.096800533822175,0.7617250211284549,0.05056994803526548,0.84452358039809,61.0
Impacts,0.03758825636527686,0.7358380702270336,0.14754920953687728,0.771452083278461,60.0
Mitigation,-0.08933873321251459,0.8751776525105293,0.31569083285252675,0.7309405873372571,23.0
