topic,sentiment_mean,sentiment_std,subjectivity_mean,subjectivity_std,counting
Adaptation,-0.09801857921749578,0.7744795321108116,0.152170677207715,0.9018543589859497,16.0
Causes,0.03505154721952266,0.6542623593820724,0.12945940603033793,0.7949720517232842,46.0
Hazard,0.06328518405533305,0.7774703880078226,0.04411237444393433,0.8073964138651039,150.0
Impacts,-0.007948882976188556,0.7370987111800616,0.16159878081778364,0.7558498876578105,81.0
Mitigation,0.002590191897490266,0.9232969005976506,0.19773508352894484,0.8423146989958875,55.0
