topic,sentiment_mean,sentiment_std,subjectivity_mean,subjectivity_std,counting
Adaptation,-0.2726090867045855,0.9236481156662386,0.2819263058404111,0.8917334387748834,7.0
Causes,0.0550856372324151,0.5966687924514873,0.0852919696808737,0.7091964717877883,24.0
Hazard,0.07265129285414998,0.759269612319902,0.027675472308258016,0.8517867686373424,71.0
Impacts,0.021812659147132565,0.7253713757791512,0.15480211145632158,0.7520572697223832,60.0
Mitigation,0.01221542665717303,0.9691712274019596,0.3336111255709215,0.767427450898367,26.0
