topic,sentiment_mean,sentiment_std,subjectivity_mean,subjectivity_std,counting
Adaptation,-0.06078657992512405,0.8380956444881698,-0.018032201683665483,0.81527302900172,51.0
Causes,0.01345241749886228,0.8181082633193151,0.12082783085567823,0.9010363090731958,64.0
Hazard,0.04253128654338381,0.9800667090374328,0.06571588323456737,0.9558917394191285,563.0
Impacts,,1.0,,1.0,219.0
Mitigation,0.012299658028921323,0.8191650211773928,0.07514498733019243,0.7402306406179436,145.0
