topic,sentiment_mean,sentiment_std,subjectivity_mean,subjectivity_std,counting
Adaptation,-0.11488018009748892,0.7882148310225953,0.2324888096282251,0.8435461562022758,14.0
Causes,0.02425256767391081,0.6485802795096381,0.07349860656357754,0.7675833176565184,38.0
Hazard,0.036266171157833524,0.7667493043491833,-0.0018479608287931047,0.8569891240161746,97.0
Impacts,0.004481268071513313,0.7703878067179899,0.13599623715806408,0.7717912991884672,64.0
Mitigation,0.06534650888968543,0.9767292210631828,0.38608053599941744,0.7362735706060354,38.0
