topic,sentiment_mean,sentiment_std,subjectivity_mean,subjectivity_std,counting
Adaptation,0.03288766495965361,1.1667142327248348,-0.04633778072370552,0.9532015193777997,68.0
Causes,-0.0034119169616692634,0.9512828603781528,0.15609609288820067,1.0240495049241047,143.0
Hazard,0.020006087122932982,1.0275786418008044,0.04569577834936841,1.0016522938389407,1378.0
Impacts,-0.05697905516118829,0.5445126521772271,-0.03298611174782259,0.8060279010052441,386.0
Mitigation,0.03216158180899415,0.7970771147461209,-0.012385706559596152,0.733464814610731,219.0
