week,sentiment_mean,sentiment_std,subjectivity_mean,subjectivity_std,counting
2025-38,0.3108089364793372,0.5216789432660727,0.5719684855177172,0.4963558816987372,3.0
2025-39,0.6130873476970559,0.3596801399119664,0.17418199702489215,0.900244237628217,6.0
2025-40,-0.268278463735729,0.7001003153542636,0.27211662360358296,0.4875994937619101,5.0
2025-41,0.15989896437409712,0.6785620101284396,0.2892433118906827,0.7307456034987232,36.0
2025-42,-0.1442792559780678,0.7609101581071142,0.10171385896396015,0.6343821547059342,26.0
2025-43,0.033059506374547874,0.9833891631587715,0.12007121637579586,0.9219784499042422,20.0
2025-44,0.00034689915825970115,0.60759399530367,0.03224622999947281,0.8264188848676629,26.0
2025-45,-0.13200970726039638,0.6805626855299606,-0.1720942080734313,0.7380475007485297,14.0
2025-46,0.12344907407407406,0.04714333347845594,0.4252777777777778,0.13859496677302113,3.0
