topic,sentiment_mean,sentiment_std,subjectivity_mean,subjectivity_std,counting
Adaptation,-0.1203273752730155,0.7604374000567801,0.2151592923131956,0.8386213668329207,14.0
Causes,0.033438249435815595,0.6664218979875637,0.07565370932297691,0.766036673659078,38.0
Hazard,0.049797953138862434,0.7897411402426036,-0.013152179399231821,0.8708616930734988,91.0
Impacts,0.005736654564482774,0.7693195907782399,0.13855232313852225,0.7709913241968925,64.0
Mitigation,0.027486833123368422,0.9475141624103562,0.38021079994414986,0.731470270477419,37.0
