topic,sentiment_mean,sentiment_std,subjectivity_mean,subjectivity_std,counting
Adaptation,0.04188581344765316,1.161712884221286,-0.0012723515357427832,0.9161819119072111,66.0
Causes,0.004737586365419234,0.918249136428163,0.1818562917670278,1.0228183031931242,118.0
Hazard,0.02005089361567212,1.012051681037726,0.04300747144683465,0.9872131325926675,1057.0
Impacts,-0.06336078271071771,0.525345090850901,-0.012799612181766094,0.8247038792104999,300.0
Mitigation,0.03981848777193284,0.8147444526036463,0.020392481855596636,0.7300715536677108,191.0
