topic,sentiment_mean,sentiment_std,subjectivity_mean,subjectivity_std,counting
Adaptation,0.07235653010113388,1.211933656542011,-0.011449814187892487,0.9057808117448087,60.0
Causes,-0.010526934260618383,0.8937273161092996,0.16813107288212978,1.0579809094283021,103.0
Hazard,0.026275598061945717,0.9937374709691716,0.051719491808038406,0.9818042519907457,792.0
Impacts,-0.06095463978266103,0.5482901314817578,-0.020979840779888733,0.7997843943185485,242.0
Mitigation,0.020305555719060384,0.8434251991600528,0.03682972641445818,0.7319321601947568,159.0
