topic,sentiment_mean,sentiment_std,subjectivity_mean,subjectivity_std,counting
Adaptation,-0.09831833472677604,0.7741339741547374,0.15104102675986764,0.903607922272724,16.0
Causes,0.042643003616660735,0.652698275775627,0.10834941139979852,0.7948048719956949,46.0
Hazard,0.046623014282735825,0.8855392701740155,0.0678636161406397,0.9010770816220851,179.0
Impacts,0.031713833651940776,0.6867296472336588,0.1280725039244065,0.7243431129424858,95.0
Mitigation,-0.03681807590387681,0.830801510029652,0.14952798222782593,0.767641035896752,71.0
