topic,sentiment_mean,sentiment_std,subjectivity_mean,subjectivity_std,counting
Adaptation,-0.05434568694017105,0.8177327081803298,0.022949912261582373,0.8571817034857769,47.0
Causes,0.07951359981119394,0.9323407060582177,0.1373382677799935,0.9803749543807146,63.0
Hazard,0.05610064134890992,0.9284839659932366,0.03520661278175757,0.9042694473642126,413.0
Impacts,,1.0,,1.0,166.0
Mitigation,-0.03583486528134679,0.7942070345568014,0.07223428657459617,0.7141331271618114,132.0
