topic,sentiment_mean,sentiment_std,subjectivity_mean,subjectivity_std,counting
Adaptation,-0.3922875527064932,0.6297709150647106,0.5230123710157849,0.10980590862467292,4.0
Causes,0.09084666792102707,0.6330721481689251,0.14009820550902205,0.6919527180164278,24.0
Hazard,0.10006642982757386,0.7420286410346386,0.08682843482616329,0.8305982672574961,34.0
Impacts,0.017707506021108235,0.6883950254498541,0.1068174284306475,0.765264137832658,57.0
Mitigation,-0.07191006931707897,0.9130584077253434,0.3469314523910394,0.6478419239771507,19.0
