topic,sentiment_mean,sentiment_std,subjectivity_mean,subjectivity_std,counting
Adaptation,0.07603801830434843,1.1511523762407903,0.004043210675323207,0.8871854377254217,60.0
Causes,-0.08048275002714919,0.7819814324014394,0.13657760573364833,0.9730282031319765,90.0
Hazard,0.039113636557370095,0.9985779776389928,0.05654728371345786,0.9878492430584619,702.0
Impacts,,1.0,,1.0,239.0
Mitigation,0.022586534372908154,0.8531499137654923,0.04987757855972434,0.7374813298650098,157.0
