topic,sentiment_mean,sentiment_std,subjectivity_mean,subjectivity_std,counting
Adaptation,-0.04530444854412625,0.8136976232066724,0.013784647821215731,0.8511698887890342,48.0
Causes,0.08081165728209412,0.9381787685906556,0.13855458377962926,0.9847635326500659,63.0
Hazard,0.04302493856774093,0.9309839877986985,0.044379804520372594,0.9066482670210531,424.0
Impacts,,1.0,,1.0,166.0
Mitigation,-0.027961650461660145,0.7920875892778637,0.06965956917188745,0.7169476535100434,133.0
