topic,sentiment_mean,sentiment_std,subjectivity_mean,subjectivity_std,counting
Adaptation,0.06469156906711444,1.2623097432519552,-0.001743096785660284,0.9334817737486382,61.0
Causes,-0.01757961732716628,0.8871082656120408,0.17914858218405358,1.0506253525765301,115.0
Hazard,0.022261449303070217,1.0035032463831204,0.04781013614713757,0.98756868932007,964.0
Impacts,-0.06282536977312542,0.5307577331661499,-0.024658018732000204,0.7991670961005158,275.0
Mitigation,0.037384338634890386,0.8220720486457087,0.027491699306678625,0.7275561106222689,184.0
