topic,sentiment_mean,sentiment_std,subjectivity_mean,subjectivity_std,counting
Adaptation,0.03028018927852523,1.2485800155393543,0.008256048418240118,0.9277003627806634,66.0
Causes,-0.002651424167764225,0.8944414018118338,0.18196852050791584,1.0507293815741412,116.0
Hazard,0.026152597948709465,1.0070514819646008,0.04839012040378334,0.9917551304718328,989.0
Impacts,-0.06707258491452697,0.5199395634624386,-0.033138083072787844,0.7827804586971081,295.0
Mitigation,0.028198508866496465,0.8176509018532993,0.033985792238025975,0.7264234775426035,188.0
