topic,sentiment_mean,sentiment_std,subjectivity_mean,subjectivity_std,counting
Adaptation,0.07832169265621086,1.1251426286720605,0.02292926462211442,0.863572879985899,60.0
Causes,-0.020122619474304958,0.7330520140573532,0.10627954397192271,0.905989159678083,76.0
Hazard,0.03604350486528365,1.0071294716426815,0.06271482411986225,1.0013892276376075,654.0
Impacts,,1.0,,1.0,238.0
Mitigation,0.018927355503928083,0.8437305107674371,0.05103559469504108,0.7376970175357845,155.0
