topic,sentiment_mean,sentiment_std,subjectivity_mean,subjectivity_std,counting
Adaptation,-0.05060363256215634,0.8226583131583862,0.0062726063843436125,0.8722506224213405,32.0
Causes,0.07451891509095182,0.6367372923040302,0.07250635273453654,0.7977223215930365,46.0
Hazard,0.07152659845647018,1.0072034887364385,0.08248876253579193,1.0128840822093172,304.0
Impacts,-0.05493981987812672,0.6461097312015284,0.05177167966942584,0.7386447029421501,149.0
Mitigation,-0.040705418345348514,0.7770717100128886,0.07133225340033843,0.6744298284776284,112.0
