topic,sentiment_mean,sentiment_std,subjectivity_mean,subjectivity_std,counting
Adaptation,-0.12238380687084313,0.7897843830834753,0.19796691807232228,0.8551548060722017,13.0
Causes,0.0751891748805476,0.7221412884619959,0.07902406273661687,0.777934266982911,37.0
Hazard,0.0038422542567983827,0.7653356638852807,-0.025744279602844363,0.8625357289659824,85.0
Impacts,0.04985160197228658,0.7607926506383701,0.15314581605801755,0.7830117261539068,62.0
Mitigation,0.025319603254842393,0.9445326003835579,0.37270409531719784,0.7230486613706388,36.0
