topic,sentiment_mean,sentiment_std,subjectivity_mean,subjectivity_std,counting
Adaptation,0.035055226564672755,1.148470806999154,-0.0003361492772304825,0.9274113063738523,68.0
Causes,-0.014943284665830366,0.9131729212460161,0.17960080998304645,1.0184906669623877,124.0
Hazard,0.021649042231482802,1.0205601658145447,0.03842805965523706,0.992955526125829,1184.0
Impacts,-0.06274970018733085,0.5496565247610774,-0.012238698752853746,0.8298827449653383,324.0
Mitigation,0.03180403708134527,0.7958246673197118,0.016155201990681968,0.7309702232077385,208.0
